{"cameraMode":{"drawMode":0,"name":"Shaded","section":"Shading Mode"},"sceneLighting":true,"audioPlay":false,"sceneViewState":{"showFog":true,"showMaterialUpdate":false,"showSkybox":true,"showFlares":true,"showImageEffects":true,"showParticleSystems":true},"in2DMode":false,"pivot":{"x":3.3779070377349855,"y":0.9923269748687744,"z":5.022597312927246},"rotation":{"x":0.3892233073711395,"y":0.37122365832328799,"z":-0.17521929740905763,"w":0.8246203660964966},"size":0.01741977594792843,"orthographic":false}